date,meetid,raceid,track,race,horseid,entrantnumber,horse,field_size,raceclass,score
2026-09-28,5196062,5466012,Bunbury,1,5377211,7,Mr Kaplan,9,Maiden,98.8236331569665
2026-09-28,5196062,5466012,Bunbury,1,5371344,6,Divine Mirage,9,Maiden,96.13752276867031
2026-09-28,5196062,5466012,Bunbury,1,5376019,2,Magnificent Malcom,9,Maiden,81.66034327009936
2026-09-28,5196062,5466013,Bunbury,2,5358862,8,Cartier Glow,11,Maiden,78.82736025358976
2026-09-28,5196062,5466013,Bunbury,2,5379162,11,My Malena,11,Maiden,64.84384831925816
2026-09-28,5196062,5466013,Bunbury,2,5352410,3,Dreamlord,11,Maiden,53.00016998708098
2026-09-28,5196062,5481878,Bunbury,3,5325426,1,Agent Remington,11,Maiden,77.54335456774481
2026-09-28,5196062,5481878,Bunbury,3,5355757,7,Producimus,11,Maiden,65.80212267504034
2026-09-28,5196062,5481878,Bunbury,3,5327324,6,Spiritart,11,Maiden,57.04589593071268
2026-09-28,5196062,5466015,Bunbury,4,5344214,1,Saisoku,11,Maiden,79.98632136280875
2026-09-28,5196062,5466015,Bunbury,4,5298380,4,Hesnotallthere,11,Maiden,76.07657248352156
2026-09-28,5196062,5466015,Bunbury,4,5363735,11,Forever Victorious,11,Maiden,68.92639868460905
2026-09-28,5196062,5466016,Bunbury,5,5356476,2,Nailedem,8,BM 58,91.48674420402169
2026-09-28,5196062,5466016,Bunbury,5,5348918,1,Bonditram,8,BM 58,79.44145095477795
2026-09-28,5196062,5466016,Bunbury,5,5386060,6,London Rose,8,BM 58,77.75423988988958
2026-09-28,5196062,5481877,Bunbury,6,5324843,2,Wardikcar,14,Maiden,90.25519289453716
2026-09-28,5196062,5481877,Bunbury,6,5333122,1,Rocking In Vegas,14,Maiden,86.17636005118156
2026-09-28,5196062,5481877,Bunbury,6,5342027,7,Zalis Gift,14,Maiden,82.10193134645776
2026-09-28,5196062,5466017,Bunbury,7,5353014,14,Solo Vega,12,BM 58,82.43985925756512
2026-09-28,5196062,5466017,Bunbury,7,5357624,3,Barney Rommel,12,BM 58,75.83211698133164
2026-09-28,5196062,5466017,Bunbury,7,5361470,6,Back In The Fold,12,BM 58,73.8080808080808
2026-09-28,5196062,5466018,Bunbury,8,5344292,1,Yamashitas Gold,13,BM 70,89.46593691358089
2026-09-28,5196062,5466018,Bunbury,8,5304644,7,Surround Me,13,BM 70,72.01967927360597
2026-09-28,5196062,5466018,Bunbury,8,5352976,2,Girls On Fire,13,BM 70,68.50648827612179
2026-09-28,5197871,5482216,Coleraine,1,5371089,3,Young Stirling,5,Trial,
2026-09-28,5197871,5482216,Coleraine,1,5375294,1,Renaissance Girl,5,Trial,
2026-09-28,5197871,5482216,Coleraine,1,5332920,4,Unseen Ruler,5,Trial,
2026-09-28,5197871,5482217,Coleraine,2,5357400,5,Pare Brise,5,Trial,
2026-09-28,5197871,5482217,Coleraine,2,5352736,1,Tillican,5,Trial,
2026-09-28,5197871,5482217,Coleraine,2,5325483,2,Southern Crescent,5,Trial,
2026-09-28,5197871,5482219,Coleraine,3,5402316,5,Trust My,5,Trial,
2026-09-28,5197871,5482219,Coleraine,3,5352735,2,Balsino Prince,5,Trial,
2026-09-28,5197871,5482219,Coleraine,3,5272736,1,Van Roy,5,Trial,
2026-09-28,5197871,5482218,Coleraine,4,5338937,4,The Swordsman,5,Trial,
2026-09-28,5197871,5482218,Coleraine,4,5349846,3,Symphatum,5,Trial,
2026-09-28,5197871,5482218,Coleraine,4,5367188,2,Go Gidget,5,Trial,
2026-09-28,5197871,5482220,Coleraine,5,5363209,1,Piccadilly Thunder,6,Trial,
2026-09-28,5197871,5482220,Coleraine,5,5337279,2,Chardy Lass,6,Trial,
2026-09-28,5197871,5482220,Coleraine,5,5333653,3,Dukey,6,Trial,
2026-09-28,5197871,5482221,Coleraine,6,5347719,3,Norenson,5,Trial,
2026-09-28,5197871,5482221,Coleraine,6,5345565,5,Positive Image,5,Trial,
2026-09-28,5197871,5482221,Coleraine,6,5330872,4,Colour Our World,5,Trial,
2026-09-28,5197871,5482222,Coleraine,7,5371666,2,Prince Of Caviar/La Celestina/2023,4,Trial,
2026-09-28,5197871,5482222,Coleraine,7,5362220,4,Run Forrest Run,4,Trial,
2026-09-28,5197871,5482222,Coleraine,7,5354848,3,All The Way Baby,4,Trial,
2026-09-28,5197871,5482223,Coleraine,8,5359373,3,Almorina,4,Trial,
2026-09-28,5197871,5482223,Coleraine,8,5371739,1,Empire Fella,4,Trial,
2026-09-28,5197871,5482223,Coleraine,8,5368607,2,Fammi,4,Trial,
2026-09-28,5197445,5482082,Morphettville Parks,1,5300151,7,Zoupurring,3,Trial,
2026-09-28,5197445,5482082,Morphettville Parks,1,5304655,4,Power Beau,3,Trial,
2026-09-28,5197445,5482082,Morphettville Parks,1,5287235,2,Capablanca,3,Trial,
2026-09-28,5197445,5482083,Morphettville Parks,2,5339095,5,Bonavena,5,Trial,
2026-09-28,5197445,5482083,Morphettville Parks,2,5344543,7,Gift Of Silence,5,Trial,
2026-09-28,5197445,5482083,Morphettville Parks,2,5344964,6,Captain Happy,5,Trial,
2026-09-28,5197445,5482084,Morphettville Parks,3,5288077,3,Mt Niseko,6,Trial,
2026-09-28,5197445,5482084,Morphettville Parks,3,5258341,2,Howl,6,Trial,
2026-09-28,5197445,5482084,Morphettville Parks,3,5273343,6,Willaston,6,Trial,
2026-09-28,5197445,5482076,Morphettville Parks,4,5358608,5,Pak Belang,6,Trial,
2026-09-28,5197445,5482076,Morphettville Parks,4,5359622,1,Tweeter,6,Trial,
2026-09-28,5197445,5482076,Morphettville Parks,4,5363615,6,Zakkaya,6,Trial,
2026-09-28,5197445,5482077,Morphettville Parks,5,5365624,4,Noble Espoir,6,Trial,
2026-09-28,5197445,5482077,Morphettville Parks,5,5369452,3,Crosswired,6,Trial,
2026-09-28,5197445,5482077,Morphettville Parks,5,5372720,1,Mohatu,6,Trial,
2026-09-28,5197445,5475291,Morphettville Parks,6,5343196,4,Kyrell,9,Trial,
2026-09-28,5197445,5475291,Morphettville Parks,6,5342564,1,Machrimore,9,Trial,
2026-09-28,5197445,5475291,Morphettville Parks,6,5336559,8,Hood Rat,9,Trial,
2026-09-28,5197445,5475295,Morphettville Parks,7,5347145,7,Violet Lovebug,9,Trial,
2026-09-28,5197445,5475295,Morphettville Parks,7,5349420,4,Bred Em All,9,Trial,
2026-09-28,5197445,5475295,Morphettville Parks,7,5350317,5,Bassett Babe,9,Trial,
2026-09-28,5197445,5482078,Morphettville Parks,8,5354976,9,Wind Rush,9,Trial,
2026-09-28,5197445,5482078,Morphettville Parks,8,5364290,6,Flaming Navy,9,Trial,
2026-09-28,5197445,5482078,Morphettville Parks,8,5351226,8,Anotherhouse,9,Trial,
2026-09-28,5197445,5482079,Morphettville Parks,9,5294783,1,Jazz Affair,6,Trial,
2026-09-28,5197445,5482079,Morphettville Parks,9,5291405,4,Andrews Memory,6,Trial,
2026-09-28,5197445,5482079,Morphettville Parks,9,5294629,2,Flying Ace,6,Trial,
2026-09-28,5197445,5482080,Morphettville Parks,10,5268425,9,Thebigsosso,9,Trial,
2026-09-28,5197445,5482080,Morphettville Parks,10,5290620,8,Ice Symphony,9,Trial,
2026-09-28,5197445,5482080,Morphettville Parks,10,5325440,4,Shaddap,9,Trial,
2026-09-28,5197445,5482081,Morphettville Parks,11,5288637,2,Punchin,9,Trial,
2026-09-28,5197445,5482081,Morphettville Parks,11,5288026,3,Prancing Countess,9,Trial,
2026-09-28,5197445,5482081,Morphettville Parks,11,5288146,8,Back Me Up Benny,9,Trial,
2026-09-28,5197445,5482085,Morphettville Parks,12,5368221,6,Zarros,6,Trial,
2026-09-28,5197445,5482085,Morphettville Parks,12,5387552,4,Skid Row,6,Trial,
2026-09-28,5197445,5482085,Morphettville Parks,12,5369259,1,Sparklingrebellion,6,Trial,
2026-09-28,5197445,5482086,Morphettville Parks,13,5371241,7,From The Get Go,7,Trial,
2026-09-28,5197445,5482086,Morphettville Parks,13,5359447,4,Valdart,7,Trial,
2026-09-28,5197445,5482086,Morphettville Parks,13,5364696,2,Insidious,7,Trial,
2026-09-28,5197445,5482073,Morphettville Parks,14,5328342,8,Swan Dance,8,Trial,
2026-09-28,5197445,5482073,Morphettville Parks,14,5332676,10,Oasis,8,Trial,
2026-09-28,5197445,5482073,Morphettville Parks,14,5343618,2,Confucious Flyer,8,Trial,
2026-09-28,5197445,5482074,Morphettville Parks,15,5306503,1,Testa Dura,8,Trial,
2026-09-28,5197445,5482074,Morphettville Parks,15,5323290,9,Icanhearzou,8,Trial,
2026-09-28,5197445,5482074,Morphettville Parks,15,5336344,8,Little Rocket,8,Trial,
2026-09-28,5197445,5482075,Morphettville Parks,16,5345273,7,Velocity Rose,8,Trial,
2026-09-28,5197445,5482075,Morphettville Parks,16,5346930,3,Cold Copy,8,Trial,
2026-09-28,5197445,5482075,Morphettville Parks,16,5347066,5,Atticusspartacus,8,Trial,
2026-09-28,5197445,5475297,Morphettville Parks,17,5348986,7,Cut No Ice,8,Trial,
2026-09-28,5197445,5475297,Morphettville Parks,17,5271421,5,Kokoro,8,Trial,
2026-09-28,5197445,5475297,Morphettville Parks,17,5322078,8,Track Patcher,8,Trial,
2026-09-28,5195834,5469791,Park Kilmore,1,5371808,6,Musical Journey,10,Maiden,97.06666666666666
2026-09-28,5195834,5469791,Park Kilmore,1,5370238,1,Bloomin Rich,10,Maiden,86.4
2026-09-28,5195834,5469791,Park Kilmore,1,5376454,9,Refuse To Curtsy,10,Maiden,82.23532041728762
2026-09-28,5195834,5469787,Park Kilmore,2,5365238,9,Anglais,10,Maiden,82.62121212121212
2026-09-28,5195834,5469787,Park Kilmore,2,5343536,8,Skydream,10,Maiden,72.87511066330676
2026-09-28,5195834,5469787,Park Kilmore,2,5347561,7,My Rosalie,10,Maiden,63.095714059064846
2026-09-28,5195834,5469788,Park Kilmore,3,5370159,14,Star Of Macedon,11,Maiden,135.87608958340667
2026-09-28,5195834,5469788,Park Kilmore,3,5365254,11,Jourama,11,Maiden,94.523186684922
2026-09-28,5195834,5469788,Park Kilmore,3,5340169,7,Shes Loaded,11,Maiden,69.7544603579825
2026-09-28,5195834,5469790,Park Kilmore,4,5356342,3,Prestige Erick,10,Maiden,90.08206360035628
2026-09-28,5195834,5469790,Park Kilmore,4,5346801,6,Weasel Sea,10,Maiden,82.00783056649311
2026-09-28,5195834,5469790,Park Kilmore,4,5365992,11,Bohemian Blitz,10,Maiden,79.16818181818182
2026-09-28,5195834,5469784,Park Kilmore,5,5363686,8,Knurl,9,BM 58,101.79675211350605
2026-09-28,5195834,5469784,Park Kilmore,5,5334169,4,Frosted In Time,9,BM 58,86.96824744349732
2026-09-28,5195834,5469784,Park Kilmore,5,5358570,1,Cattle Camp,9,BM 58,85.77085610200365
2026-09-28,5195834,5469785,Park Kilmore,6,5375230,11,Kawa,11,BM 0-57,88.39136005461565
2026-09-28,5195834,5469785,Park Kilmore,6,5345443,4,Fierce Fiasco,11,BM 0-57,80.36471882076356
2026-09-28,5195834,5469785,Park Kilmore,6,5344026,8,Razanne,11,BM 0-57,61.23490854695043
2026-09-28,5195834,5469786,Park Kilmore,7,5329449,3,Sensational Ruler,13,BM 0-57,91.1622014349287
2026-09-28,5195834,5469786,Park Kilmore,7,5343269,12,Frostration,13,BM 0-57,80.99687979269132
2026-09-28,5195834,5469786,Park Kilmore,7,5342169,5,Determinato,13,BM 0-57,74.72332662841944
2026-09-28,5195834,5469789,Park Kilmore,8,5340111,2,Bancoora,12,BM 58,78.99668207539459
2026-09-28,5195834,5469789,Park Kilmore,8,5342801,12,Hells Diamond,12,BM 58,76.46944444444445
2026-09-28,5195834,5469789,Park Kilmore,8,5340341,13,Bajaria,12,BM 58,71.8080609762547
2026-09-28,5197870,5482045,Southside Cranbourne,1,5341331,5,Naifah,6,Trial,
2026-09-28,5197870,5482045,Southside Cranbourne,1,5287555,6,Fission,6,Trial,
2026-09-28,5197870,5482045,Southside Cranbourne,1,5332602,2,Immortal Star,6,Trial,
2026-09-28,5197870,5482046,Southside Cranbourne,2,5324783,5,Zourain,6,Trial,
2026-09-28,5197870,5482046,Southside Cranbourne,2,5286946,6,Hola Amigos,6,Trial,
2026-09-28,5197870,5482046,Southside Cranbourne,2,5292990,3,Street Conqueror,6,Trial,
2026-09-28,5197870,5482047,Southside Cranbourne,3,5378146,8,Sedotta,8,Trial,
2026-09-28,5197870,5482047,Southside Cranbourne,3,5360723,3,Diamond Heist,8,Trial,
2026-09-28,5197870,5482047,Southside Cranbourne,3,5362453,5,Alibaba,8,Trial,
2026-09-28,5197870,5482048,Southside Cranbourne,4,5349984,7,Deliberate Ploy,9,Trial,
2026-09-28,5197870,5482048,Southside Cranbourne,4,5306940,10,Ten Warriors,9,Trial,
2026-09-28,5197870,5482048,Southside Cranbourne,4,5328619,3,Hustle In Heels,9,Trial,
2026-09-28,5197870,5482049,Southside Cranbourne,5,5391498,7,Rockfall,8,Trial,
2026-09-28,5197870,5482049,Southside Cranbourne,5,5360909,6,The Destroyer,8,Trial,
2026-09-28,5197870,5482049,Southside Cranbourne,5,5365519,5,Theatric Story,8,Trial,
2026-09-28,5197870,5482050,Southside Cranbourne,6,5349445,2,Expanding Power,8,Trial,
2026-09-28,5197870,5482050,Southside Cranbourne,6,5290327,5,Everett,8,Trial,
2026-09-28,5197870,5482050,Southside Cranbourne,6,5329178,4,Welcometodetroit,8,Trial,
2026-09-28,5197870,5482051,Southside Cranbourne,7,5391488,1,Wandjina/Cremona/2023,7,Trial,
2026-09-28,5197870,5482051,Southside Cranbourne,7,5367357,2,Bourne Legacy,7,Trial,
2026-09-28,5197870,5482051,Southside Cranbourne,7,5363843,3,Banner Headline,7,Trial,
2026-09-28,5197870,5482052,Southside Cranbourne,8,5346797,1,Zeffirelli,7,Trial,
2026-09-28,5197870,5482052,Southside Cranbourne,8,5307366,3,Golde N Fire,7,Trial,
2026-09-28,5197870,5482052,Southside Cranbourne,8,5329082,2,Deadly Force,7,Trial,
2026-09-28,5197870,5482053,Southside Cranbourne,9,5365709,6,Slugger,7,Trial,
2026-09-28,5197870,5482053,Southside Cranbourne,9,5361199,5,Prestige Blackjack,7,Trial,
2026-09-28,5197870,5482053,Southside Cranbourne,9,5365616,1,Prolific Angel,7,Trial,
2026-09-28,5197870,5482054,Southside Cranbourne,10,5381799,3,Too Darn Hot (Gb)/Imoto/2024,6,Trial,
2026-09-28,5197870,5482054,Southside Cranbourne,10,5382949,4,Amsterdam,6,Trial,
2026-09-28,5197870,5482054,Southside Cranbourne,10,5384410,6,The Chancer,6,Trial,
2026-09-28,5197870,5482055,Southside Cranbourne,11,5378411,0,I Am Invincible/Chanteline (Usa)/2024,6,Trial,
2026-09-28,5197870,5482055,Southside Cranbourne,11,5389048,0,Too Darn Hot (Gb)/Gunmetal Girl (Nz)/2024,6,Trial,
2026-09-28,5197870,5482055,Southside Cranbourne,11,5389036,0,Farnan/Maid Of Ore/2024,6,Trial,
2026-09-28,5196006,5468325,Tamworth,1,5373244,4,Calzino,6,BM 64,87.13807277919605
2026-09-28,5196006,5468325,Tamworth,1,5331029,1,Fulmen Filou,6,BM 64,78.49062495492767
2026-09-28,5196006,5468325,Tamworth,1,5342429,3,Joika,6,BM 64,68.02866600320193
2026-09-28,5196006,5468330,Tamworth,2,5369433,8,Syllable,9,Maiden,88.74747474747475
2026-09-28,5196006,5468330,Tamworth,2,5376435,1,Mongolian Master,9,Maiden,83.91531621374553
2026-09-28,5196006,5468330,Tamworth,2,5346450,3,Hidden Detail,9,Maiden,66.07413859852885
2026-09-28,5196006,5468329,Tamworth,3,5339971,6,Usain Boss,8,Maiden,73.27703230451921
2026-09-28,5196006,5468329,Tamworth,3,5343658,1,Bradford,8,Maiden,66.31373382289613
2026-09-28,5196006,5468329,Tamworth,3,5356907,4,The Last Romanov,8,Maiden,61.33906430182013
2026-09-28,5196006,5468326,Tamworth,4,5343699,1,Dunquin,7,BM 64,80.45284558373564
2026-09-28,5196006,5468326,Tamworth,4,5317419,6,Nugget Smart,7,BM 64,73.19553715627013
2026-09-28,5196006,5468326,Tamworth,4,5329901,4,Endless Applause,7,BM 64,55.248101810929036
2026-09-28,5196006,5468328,Tamworth,5,5293810,2,Need A Miracle,8,BM 58,89.4264951393997
2026-09-28,5196006,5468328,Tamworth,5,5326983,1,Zou Big Boy,8,BM 58,83.84841869947176
2026-09-28,5196006,5468328,Tamworth,5,5299841,5,Blazed Prince,8,BM 58,71.75675531235383
2026-09-28,5196006,5468324,Tamworth,6,5302821,1,Flywheel,9,BM 78,88.5119104281408
2026-09-28,5196006,5468324,Tamworth,6,5304946,3,Taipan Legend,9,BM 78,64.8189611790046
2026-09-28,5196006,5468324,Tamworth,6,5286260,2,Hellcibell,9,BM 78,57.14130899148486
2026-09-28,5196006,5468327,Tamworth,7,5328693,4,Brighella,9,BM 70,80.8243556380158
2026-09-28,5196006,5468327,Tamworth,7,5326995,5,Haney,9,BM 70,80.6084198206997
2026-09-28,5196006,5468327,Tamworth,7,5331897,1,Irish Jig,9,BM 70,70.83221519608954
2026-09-28,5194203,5468768,Wagga,1,5349782,2,The Ultimate Star,11,Maiden,80.9797315000567
2026-09-28,5194203,5468768,Wagga,1,5365304,10,The Friskee Flash,11,Maiden,69.84343434343434
2026-09-28,5194203,5468768,Wagga,1,5353317,6,Colorado Sun,11,Maiden,66.56520343847806
2026-09-28,5197836,5482019,Wagga,1,5368423,4,Humbug Girl,10,Trial,
2026-09-28,5197836,5482019,Wagga,1,5332009,10,Brucedale,10,Trial,
2026-09-28,5197836,5482019,Wagga,1,5330060,1,Bennelong Time,10,Trial,
2026-09-28,5194203,5468765,Wagga,2,5333588,6,Prophets Promise,6,BM 64,53.3728118885187
2026-09-28,5194203,5468765,Wagga,2,5273940,1,Philadelphia Storm,6,BM 64,47.33632544936686
2026-09-28,5194203,5468765,Wagga,2,5318040,8,Malinga Missile,6,BM 64,44.94340912141959
2026-09-28,5197836,5482018,Wagga,2,5358564,5,Central Otago,8,Trial,
2026-09-28,5197836,5482018,Wagga,2,5350312,1,Apres,8,Trial,
2026-09-28,5197836,5482018,Wagga,2,5334234,9,Rubbadubdub,8,Trial,
2026-09-28,5194203,5468764,Wagga,3,5302626,6,Midnight Affair,5,BM 70,70.50945869932067
2026-09-28,5194203,5468764,Wagga,3,5349357,8,Chief Of War,5,BM 70,69.98776937801212
2026-09-28,5194203,5468764,Wagga,3,5325987,2,Rocco Lini,5,BM 70,62.69306535127573
2026-09-28,5194203,5468763,Wagga,4,5355574,3,Blue Akoya,9,BM 64,87.56449309852451
2026-09-28,5194203,5468763,Wagga,4,5304762,2,Ditterich,9,BM 64,81.24584853773335
2026-09-28,5194203,5468763,Wagga,4,5364769,9,La Stiava,9,BM 64,67.09784653406157
2026-09-28,5194203,5468769,Wagga,5,5340854,6,Sunday Vendetta,10,Maiden,87.5545951316443
2026-09-28,5194203,5468769,Wagga,5,5373920,3,Hold This,10,Maiden,87.23582215024385
2026-09-28,5194203,5468769,Wagga,5,5350958,5,Ring Of Fire,10,Maiden,73.5092389867259
2026-09-28,5194203,5468767,Wagga,6,5344901,4,Choc Chip,8,Maiden,83.16666666666667
2026-09-28,5194203,5468767,Wagga,6,5349270,3,Duke Of Zhou,8,Maiden,77.59780734170978
2026-09-28,5194203,5468767,Wagga,6,5345449,9,Pure Warrior,8,Maiden,57.81679356476104
2026-09-28,5194203,5468766,Wagga,7,5334114,5,Bonnie Murringo,8,BM 70,61.909127122150686
2026-09-28,5194203,5468766,Wagga,7,5348370,9,Serenading,8,BM 70,57.745807320717994
2026-09-28,5194203,5468766,Wagga,7,5354168,7,Diamond Frost,8,BM 70,55.92602459349842
2026-09-28,5197463,5477873,Warwick Farm,1,5355323,8,Successful Impact,9,Trial,
2026-09-28,5197463,5477873,Warwick Farm,1,5360639,7,Southpole,9,Trial,
2026-09-28,5197463,5477873,Warwick Farm,1,5360969,9,Thepowerofzen,9,Trial,
2026-09-28,5197463,5481984,Warwick Farm,2,5311464,4,Mailata,9,Trial,
2026-09-28,5197463,5481984,Warwick Farm,2,5309601,2,Flying Trapeze,9,Trial,
2026-09-28,5197463,5481984,Warwick Farm,2,5303458,3,Kerguelen,9,Trial,
2026-09-28,5197463,5481985,Warwick Farm,3,5362514,6,Piedmont,8,Trial,
2026-09-28,5197463,5481985,Warwick Farm,3,5348723,9,Viipuri,8,Trial,
2026-09-28,5197463,5481985,Warwick Farm,3,5344365,2,Confidentiality,8,Trial,
2026-09-28,5197463,5481986,Warwick Farm,4,5339991,1,Agent Zero,9,Trial,
2026-09-28,5197463,5481986,Warwick Farm,4,5348192,2,Bruce I Am,9,Trial,
2026-09-28,5197463,5481986,Warwick Farm,4,5294431,9,Willaidow,9,Trial,
2026-09-28,5197463,5477878,Warwick Farm,5,5379568,7,Ready Formula,8,Trial,
2026-09-28,5197463,5477878,Warwick Farm,5,5384116,5,Miss Tsarina,8,Trial,
2026-09-28,5197463,5477878,Warwick Farm,5,5384437,8,Thallein,8,Trial,
2026-09-28,5197463,5481981,Warwick Farm,6,5364978,3,I Am Forceful,8,Trial,
2026-09-28,5197463,5481981,Warwick Farm,6,5370424,2,Doueihi,8,Trial,
2026-09-28,5197463,5481981,Warwick Farm,6,5370294,7,Teeming,8,Trial,
2026-09-28,5197463,5481982,Warwick Farm,7,5358783,6,Miss Gambit,8,Trial,
2026-09-28,5197463,5481982,Warwick Farm,7,5359859,4,Invincible Miss,8,Trial,
2026-09-28,5197463,5481982,Warwick Farm,7,5360415,2,Darn Sure,8,Trial,
2026-09-28,5197463,5481983,Warwick Farm,8,5370836,1,Another Soiree,8,Trial,
2026-09-28,5197463,5481983,Warwick Farm,8,5372343,2,Elegant Anders,8,Trial,
2026-09-28,5197463,5481983,Warwick Farm,8,5372424,8,Swagger,8,Trial,
2026-09-28,5197463,5477884,Warwick Farm,9,5340064,3,Eight Aces,7,Trial,
2026-09-28,5197463,5477884,Warwick Farm,9,5357202,7,Strike A Pose,7,Trial,
2026-09-28,5197463,5477884,Warwick Farm,9,5358549,2,Dont Doubt Darcy,7,Trial,
